{"loss": [0.08730877935886383], "accuracy": [0.047187499701976776]}